{
    "S279_SEIZ_N12_COMB_CAT": {
        "2.0": 1.0,
        "4.0": 5.362169
    },
    "S290_SEIZ_REMISS_YES_NO": {
        "1.0": 1.0,
        "2.0": 0.359295
    },
    "S305_AED_NON_EPI_SEIZ": {
        "2.0": 1.0,
        "1.0": 0.020549
    },
    "diagnosis": {
        "0": 1.0,
        "2": 0.000274,
        "1": 0.00023,
        "3": 0.000805
    },
    "number_treatment_episode": {
        "1": 1.0,
        "2": 0.631421,
        "3": 0.389564,
        "4": 0.250346,
        "5": 0.155042,
        "6": 0.10449,
        "7": 0.073141,
        "8": 0.05432,
        "9": 0.037508,
        "10": 0.026662,
        "11": 0.018262,
        "12": 0.011586,
        "13": 0.007269,
        "14": 0.003959,
        "15": 0.002638,
        "16": 0.001978,
        "17": 0.000988
    },
    "S252_SEIZ_NON_EPIL": {
        "0.0": 1.0,
        "1.0": 0.001049
    },
    "S253_SEIZ_FEBRILE": {
        "0.0": 1.0,
        "1.0": 0.00379
    },
    "S265_SEIZ_NAED_GTC_CAT": {
        "2.0": 1.0,
        "4.0": 0.394068,
        "8.0": 0.16859,
        "21.0": 0.008778,
        "16.0": 0.028567
    },
    "S267_SEIZ_NAED_NGTC_CAT": {
        "21.0": 1.0,
        "16.0": 0.131489,
        "2.0": 0.041368,
        "4.0": 0.130274,
        "8.0": 0.073578
    },
    "S269_SEIZ_NAED_COMB_CAT": {
        "2.0": 1.0,
        "21.0": 5.254697,
        "16.0": 0.924585,
        "4.0": 1.075483,
        "8.0": 0.323693
    },
    "S275_SEIZ_N12_GTC_CAT": {
        "2.0": 1.0,
        "4.0": 1.303349
    },
    "S277_SEIZ_N12_NGTC_CAT": {
        "4.0": 1.0,
        "2.0": 0.087144
    },
    "S243_SEIZ_TONIC": {
        "0.0": 1.0,
        "1.0": 0.00175
    },
    "S244_SEIZ_ATONIC": {
        "0.0": 1.0,
        "1.0": 0.001916
    },
    "S245_SEIZ_MYOCLONIC": {
        "1.0": 1.0,
        "0.0": 1.319195
    },
    "S246_SEIZ_SIMPL_PART": {
        "0.0": 1.0,
        "1.0": 0.000145
    },
    "S247_SEIZ_COMPL_PART": {
        "0.0": 1.0,
        "1.0": 0.003999
    },
    "S248_SEIZ_SEC_GTC": {
        "0.0": 1.0,
        "1.0": 0.001155
    },
    "S249_SEIZ_UNCLASS_PART": {
        "0.0": 1.0,
        "1.0": 0.000242
    },
    "S250_SEIZ_UNCLASS_GTC": {
        "0.0": 1.0,
        "1.0": 0.002546
    },
    "S251_SEIZ_UNCERT_EPIL": {
        "0.0": 1.0,
        "1.0": 0.000901
    },
    "S180_HIPPOCAMP_SCLEROSIS": {
        "2.0": 1.0,
        "1.0": 0.001452
    },
    "S181_HIPPOCAMP_SCLER_LEFT": {
        "1.0": 1.0
    },
    "S182_HIPPOCAMP_SCLER_RIGHT": {
        "1.0": 1.0
    },
    "S188_POSITIVE_FAMHX": {
        "1.0": 1.0,
        "2.0": 1.091141
    },
    "S190_NEUROL_PROGR_DISORDER": {
        "2.0": 1.0,
        "1.0": 0.002186
    },
    "S200_NEUROL_EXAM_RESULT": {
        "1.0": 1.0,
        "997.0": 0.0477,
        "2.0": 0.072942
    },
    "S239_SEIZ_PHOTOSENSITIVE": {
        "0.0": 1.0,
        "1.0": 0.000313
    },
    "S240_SEIZ_PRIM_GEN_TON_CLON": {
        "1.0": 1.0,
        "0.0": 0.072419
    },
    "S241_SEIZ_ABSENCE": {
        "1.0": 1.0,
        "0.0": 0.827056
    },
    "S242_SEIZ_CLONIC": {
        "0.0": 1.0,
        "1.0": 0.000791
    },
    "D121_NON_ADHERENT": {
        "1.0": 1.0,
        "2.0": 0.012868
    },
    "D141_TRIAL_ADEQUATE": {
        "1.0": 1.0,
        "2.0": 0.125517,
        "0.0": 0.000599,
        "4.0": 0.0001
    },
    "S264_SEIZ_NAED_GTC_ABS": {
        "(-0.302, -0.139]": 1.0,
        "(-0.139, 0.0221]": 0.285235,
        "(0.0221, 12.61]": 0.247463
    },
    "S266_SEIZ_NAED_NGTC_ABS": {
        "(-0.06561371848900001, -0.0656137184877]": 1.0,
        "(-0.0656137184877, 16.408977364392]": 0.299316
    },
    "S268_SEIZ_NAED_COMB_ABS": {
        "(-0.12430000000000001, -0.1236]": 1.0,
        "(-0.1236, -0.1231]": 0.623373,
        "(-0.1231, -0.113]": 0.783015,
        "(-0.113, 16.7139]": 0.767982
    },
    "S274_SEIZ_N12_GTC_ABS": {
        "(-0.155, -0.144]": 1.0,
        "(-0.144, 11.608]": 0.128637
    },
    "S276_SEIZ_N12_NGTC_ABS": {
        "(-0.0872, 15.841]": 1.0
    },
    "S278_SEIZ_N12_COMB_ABS": {
        "(-0.274, -0.267]": 1.0,
        "(-0.267, 14.184]": 0.281829
    },
    "age_of_onset": {
        "(-1.501, -0.637]": 1.0,
        "(-0.637, -0.0196]": 0.971166,
        "(-0.0196, 0.474]": 0.836298,
        "(0.474, 8.001]": 0.694473
    },
    "age_first_seizure": {
        "(-1.5679999999999998, -0.705]": 1.0,
        "(-0.705, 0.0128]": 0.990277,
        "(0.0128, 0.444]": 0.726898,
        "(0.444, 9.494]": 0.874772
    }
}